Y-W,Time Spent (seconds),H:M:S,Top Activity,Top HMS,2nd Activity,2nd HMS,3rd Activity,3rd HMS,Cum Prod
2019w25,155881,43:18:1,Xcode,7:33:13,tw.iqiyi.com,5:18:15,Slack,3:7:15,0.6117615360435203
2019w28,144742,40:12:22,sublime text,7:5:0,Terminal,7:2:10,youtube.com,4:17:38,0.7370320984924901
2019w24,134399,37:19:59,Xcode,4:21:38,wechat,2:28:27,Slack,2:26:0,0.7185637541945997
2019w27,88869,24:41:9,Xcode,4:57:9,youtube.com,2:26:35,Slack,2:2:35,0.6274235110105886
2019w26,73426,20:23:46,youtube.com,4:25:54,Google Spreadsheets,2:12:57,Xcode,1:36:9,0.5064418598316672
